"Benchmark","Mode","Threads","Samples","Score","Score Error (99.9%)","Unit","Param: applicationSize","Param: baseStructureSize","Param: datastructureName","Param: seed"
"se.lth.cs.jmh.ListApplicationBenchmark.ListApplicationBenchmark","thrpt",1,5,164.556722,84.394161,"ops/s",10,0,LinkedList,0
"se.lth.cs.jmh.ListApplicationBenchmark.ListApplicationBenchmark","thrpt",1,5,6974067.465561,1854146.163302,"ops/s",10,0,LinkedList,1
"se.lth.cs.jmh.ListApplicationBenchmark.ListApplicationBenchmark","thrpt",1,5,233744.330161,53111.557265,"ops/s",10,0,LinkedList,2
"se.lth.cs.jmh.ListApplicationBenchmark.ListApplicationBenchmark","thrpt",1,5,4034789.752561,813024.334472,"ops/s",10,0,LinkedList,3
"se.lth.cs.jmh.ListApplicationBenchmark.ListApplicationBenchmark","thrpt",1,5,220.838926,198.250527,"ops/s",10,0,LinkedList,4
"se.lth.cs.jmh.ListApplicationBenchmark.ListApplicationBenchmark","thrpt",1,5,1400.913577,504.458523,"ops/s",10,0,LinkedList,5
"se.lth.cs.jmh.ListApplicationBenchmark.ListApplicationBenchmark","thrpt",1,5,536.913636,189.746148,"ops/s",10,0,LinkedList,6
"se.lth.cs.jmh.ListApplicationBenchmark.ListApplicationBenchmark","thrpt",1,5,8459895.136376,3225666.470998,"ops/s",10,0,LinkedList,7
"se.lth.cs.jmh.ListApplicationBenchmark.ListApplicationBenchmark","thrpt",1,5,1693200.410366,108119.553871,"ops/s",10,0,LinkedList,8
"se.lth.cs.jmh.ListApplicationBenchmark.ListApplicationBenchmark","thrpt",1,5,6111588.936515,1397698.692951,"ops/s",10,0,LinkedList,9
"se.lth.cs.jmh.ListApplicationBenchmark.ListApplicationBenchmark","thrpt",1,5,336.915675,651.067776,"ops/s",10,0,ArrayList,0
"se.lth.cs.jmh.ListApplicationBenchmark.ListApplicationBenchmark","thrpt",1,5,6995113.376609,2152349.466727,"ops/s",10,0,ArrayList,1
"se.lth.cs.jmh.ListApplicationBenchmark.ListApplicationBenchmark","thrpt",1,5,830346.512710,159036.481353,"ops/s",10,0,ArrayList,2
"se.lth.cs.jmh.ListApplicationBenchmark.ListApplicationBenchmark","thrpt",1,5,4190964.303571,875227.168845,"ops/s",10,0,ArrayList,3
"se.lth.cs.jmh.ListApplicationBenchmark.ListApplicationBenchmark","thrpt",1,5,747.045351,415.194958,"ops/s",10,0,ArrayList,4
"se.lth.cs.jmh.ListApplicationBenchmark.ListApplicationBenchmark","thrpt",1,5,9397.323229,5688.339693,"ops/s",10,0,ArrayList,5
"se.lth.cs.jmh.ListApplicationBenchmark.ListApplicationBenchmark","thrpt",1,5,964.832672,341.429483,"ops/s",10,0,ArrayList,6
"se.lth.cs.jmh.ListApplicationBenchmark.ListApplicationBenchmark","thrpt",1,5,7725001.885684,1565234.789832,"ops/s",10,0,ArrayList,7
"se.lth.cs.jmh.ListApplicationBenchmark.ListApplicationBenchmark","thrpt",1,5,2630724.069952,614826.994410,"ops/s",10,0,ArrayList,8
"se.lth.cs.jmh.ListApplicationBenchmark.ListApplicationBenchmark","thrpt",1,5,5692834.937113,916575.477636,"ops/s",10,0,ArrayList,9
"se.lth.cs.jmh.ListApplicationBenchmark.ListApplicationBenchmark","thrpt",1,5,215.947934,188.477985,"ops/s",10,0,Vector,0
"se.lth.cs.jmh.ListApplicationBenchmark.ListApplicationBenchmark","thrpt",1,5,6699729.764911,2015086.741517,"ops/s",10,0,Vector,1
"se.lth.cs.jmh.ListApplicationBenchmark.ListApplicationBenchmark","thrpt",1,5,679864.243022,104580.942880,"ops/s",10,0,Vector,2
"se.lth.cs.jmh.ListApplicationBenchmark.ListApplicationBenchmark","thrpt",1,5,3872230.791735,1248469.847952,"ops/s",10,0,Vector,3
"se.lth.cs.jmh.ListApplicationBenchmark.ListApplicationBenchmark","thrpt",1,5,743.193550,432.189404,"ops/s",10,0,Vector,4
"se.lth.cs.jmh.ListApplicationBenchmark.ListApplicationBenchmark","thrpt",1,5,9549.217095,6235.380512,"ops/s",10,0,Vector,5
"se.lth.cs.jmh.ListApplicationBenchmark.ListApplicationBenchmark","thrpt",1,5,960.167308,428.615430,"ops/s",10,0,Vector,6
"se.lth.cs.jmh.ListApplicationBenchmark.ListApplicationBenchmark","thrpt",1,5,6324363.921476,1259718.040907,"ops/s",10,0,Vector,7
"se.lth.cs.jmh.ListApplicationBenchmark.ListApplicationBenchmark","thrpt",1,5,2301696.273213,255021.434607,"ops/s",10,0,Vector,8
"se.lth.cs.jmh.ListApplicationBenchmark.ListApplicationBenchmark","thrpt",1,5,3435092.050529,533893.400767,"ops/s",10,0,Vector,9
"se.lth.cs.jmh.ListApplicationBenchmark.ListApplicationBenchmark","thrpt",1,5,167.252174,85.614734,"ops/s",10,1000,LinkedList,0
"se.lth.cs.jmh.ListApplicationBenchmark.ListApplicationBenchmark","thrpt",1,5,94375.215772,4980.480975,"ops/s",10,1000,LinkedList,1
"se.lth.cs.jmh.ListApplicationBenchmark.ListApplicationBenchmark","thrpt",1,5,231976.659486,48819.220184,"ops/s",10,1000,LinkedList,2
"se.lth.cs.jmh.ListApplicationBenchmark.ListApplicationBenchmark","thrpt",1,5,4066029.745941,936926.535075,"ops/s",10,1000,LinkedList,3
"se.lth.cs.jmh.ListApplicationBenchmark.ListApplicationBenchmark","thrpt",1,5,226.059099,211.530585,"ops/s",10,1000,LinkedList,4
"se.lth.cs.jmh.ListApplicationBenchmark.ListApplicationBenchmark","thrpt",1,5,1398.452813,599.914648,"ops/s",10,1000,LinkedList,5
"se.lth.cs.jmh.ListApplicationBenchmark.ListApplicationBenchmark","thrpt",1,5,572.311469,180.431371,"ops/s",10,1000,LinkedList,6
"se.lth.cs.jmh.ListApplicationBenchmark.ListApplicationBenchmark","thrpt",1,5,8396777.719696,3195824.402538,"ops/s",10,1000,LinkedList,7
"se.lth.cs.jmh.ListApplicationBenchmark.ListApplicationBenchmark","thrpt",1,5,1685231.854357,85638.913049,"ops/s",10,1000,LinkedList,8
"se.lth.cs.jmh.ListApplicationBenchmark.ListApplicationBenchmark","thrpt",1,5,6337686.083438,1173280.212216,"ops/s",10,1000,LinkedList,9
"se.lth.cs.jmh.ListApplicationBenchmark.ListApplicationBenchmark","thrpt",1,5,316.281228,665.941210,"ops/s",10,1000,ArrayList,0
"se.lth.cs.jmh.ListApplicationBenchmark.ListApplicationBenchmark","thrpt",1,5,215085.846292,10567.866227,"ops/s",10,1000,ArrayList,1
"se.lth.cs.jmh.ListApplicationBenchmark.ListApplicationBenchmark","thrpt",1,5,844383.477926,115314.492169,"ops/s",10,1000,ArrayList,2
"se.lth.cs.jmh.ListApplicationBenchmark.ListApplicationBenchmark","thrpt",1,5,4586626.636600,1137848.562167,"ops/s",10,1000,ArrayList,3
"se.lth.cs.jmh.ListApplicationBenchmark.ListApplicationBenchmark","thrpt",1,5,751.942072,356.400864,"ops/s",10,1000,ArrayList,4
"se.lth.cs.jmh.ListApplicationBenchmark.ListApplicationBenchmark","thrpt",1,5,9077.856669,5061.865798,"ops/s",10,1000,ArrayList,5
"se.lth.cs.jmh.ListApplicationBenchmark.ListApplicationBenchmark","thrpt",1,5,950.441950,344.396270,"ops/s",10,1000,ArrayList,6
"se.lth.cs.jmh.ListApplicationBenchmark.ListApplicationBenchmark","thrpt",1,5,7671288.482877,1458736.068597,"ops/s",10,1000,ArrayList,7
"se.lth.cs.jmh.ListApplicationBenchmark.ListApplicationBenchmark","thrpt",1,5,2608358.475130,316996.853402,"ops/s",10,1000,ArrayList,8
"se.lth.cs.jmh.ListApplicationBenchmark.ListApplicationBenchmark","thrpt",1,5,6062867.872481,2230177.853784,"ops/s",10,1000,ArrayList,9
"se.lth.cs.jmh.ListApplicationBenchmark.ListApplicationBenchmark","thrpt",1,5,215.226742,172.108510,"ops/s",10,1000,Vector,0
"se.lth.cs.jmh.ListApplicationBenchmark.ListApplicationBenchmark","thrpt",1,5,201770.307413,10279.839540,"ops/s",10,1000,Vector,1
"se.lth.cs.jmh.ListApplicationBenchmark.ListApplicationBenchmark","thrpt",1,5,665483.994095,81718.366351,"ops/s",10,1000,Vector,2
"se.lth.cs.jmh.ListApplicationBenchmark.ListApplicationBenchmark","thrpt",1,5,3627407.037060,635814.897883,"ops/s",10,1000,Vector,3
"se.lth.cs.jmh.ListApplicationBenchmark.ListApplicationBenchmark","thrpt",1,5,766.248121,374.203028,"ops/s",10,1000,Vector,4
"se.lth.cs.jmh.ListApplicationBenchmark.ListApplicationBenchmark","thrpt",1,5,9228.361603,5303.507607,"ops/s",10,1000,Vector,5
"se.lth.cs.jmh.ListApplicationBenchmark.ListApplicationBenchmark","thrpt",1,5,965.535975,346.361211,"ops/s",10,1000,Vector,6
"se.lth.cs.jmh.ListApplicationBenchmark.ListApplicationBenchmark","thrpt",1,5,6959349.628317,2279200.566490,"ops/s",10,1000,Vector,7
"se.lth.cs.jmh.ListApplicationBenchmark.ListApplicationBenchmark","thrpt",1,5,2278710.960166,299322.295811,"ops/s",10,1000,Vector,8
"se.lth.cs.jmh.ListApplicationBenchmark.ListApplicationBenchmark","thrpt",1,5,3433695.235340,476217.307661,"ops/s",10,1000,Vector,9
"se.lth.cs.jmh.ListApplicationBenchmark.ListApplicationBenchmark","thrpt",1,5,162.093424,99.060009,"ops/s",10,10000,LinkedList,0
"se.lth.cs.jmh.ListApplicationBenchmark.ListApplicationBenchmark","thrpt",1,5,6732.008752,197.913109,"ops/s",10,10000,LinkedList,1
"se.lth.cs.jmh.ListApplicationBenchmark.ListApplicationBenchmark","thrpt",1,5,234845.598659,49426.762201,"ops/s",10,10000,LinkedList,2
"se.lth.cs.jmh.ListApplicationBenchmark.ListApplicationBenchmark","thrpt",1,5,4121982.430781,865538.470714,"ops/s",10,10000,LinkedList,3
"se.lth.cs.jmh.ListApplicationBenchmark.ListApplicationBenchmark","thrpt",1,5,208.117082,392.188224,"ops/s",10,10000,LinkedList,4
"se.lth.cs.jmh.ListApplicationBenchmark.ListApplicationBenchmark","thrpt",1,5,2827.814829,956.318390,"ops/s",10,10000,LinkedList,5
"se.lth.cs.jmh.ListApplicationBenchmark.ListApplicationBenchmark","thrpt",1,5,559.097648,177.241366,"ops/s",10,10000,LinkedList,6
"se.lth.cs.jmh.ListApplicationBenchmark.ListApplicationBenchmark","thrpt",1,5,7412699.825200,2075580.398776,"ops/s",10,10000,LinkedList,7
"se.lth.cs.jmh.ListApplicationBenchmark.ListApplicationBenchmark","thrpt",1,5,1673549.257288,83714.298110,"ops/s",10,10000,LinkedList,8
"se.lth.cs.jmh.ListApplicationBenchmark.ListApplicationBenchmark","thrpt",1,5,6035315.094745,1190393.977736,"ops/s",10,10000,LinkedList,9
"se.lth.cs.jmh.ListApplicationBenchmark.ListApplicationBenchmark","thrpt",1,5,345.056169,467.198652,"ops/s",10,10000,ArrayList,0
"se.lth.cs.jmh.ListApplicationBenchmark.ListApplicationBenchmark","thrpt",1,5,22508.798402,27.007623,"ops/s",10,10000,ArrayList,1
"se.lth.cs.jmh.ListApplicationBenchmark.ListApplicationBenchmark","thrpt",1,5,822458.826621,142959.600753,"ops/s",10,10000,ArrayList,2
"se.lth.cs.jmh.ListApplicationBenchmark.ListApplicationBenchmark","thrpt",1,5,4593099.767856,1180070.329782,"ops/s",10,10000,ArrayList,3
"se.lth.cs.jmh.ListApplicationBenchmark.ListApplicationBenchmark","thrpt",1,5,761.648481,385.583569,"ops/s",10,10000,ArrayList,4
"se.lth.cs.jmh.ListApplicationBenchmark.ListApplicationBenchmark","thrpt",1,5,6599.766421,2329.455135,"ops/s",10,10000,ArrayList,5
"se.lth.cs.jmh.ListApplicationBenchmark.ListApplicationBenchmark","thrpt",1,5,981.479589,421.806196,"ops/s",10,10000,ArrayList,6
"se.lth.cs.jmh.ListApplicationBenchmark.ListApplicationBenchmark","thrpt",1,5,7609014.650479,949243.256311,"ops/s",10,10000,ArrayList,7
"se.lth.cs.jmh.ListApplicationBenchmark.ListApplicationBenchmark","thrpt",1,5,2527935.307640,355322.966950,"ops/s",10,10000,ArrayList,8
"se.lth.cs.jmh.ListApplicationBenchmark.ListApplicationBenchmark","thrpt",1,5,5700926.955812,1046433.139580,"ops/s",10,10000,ArrayList,9
"se.lth.cs.jmh.ListApplicationBenchmark.ListApplicationBenchmark","thrpt",1,5,214.427573,178.590646,"ops/s",10,10000,Vector,0
"se.lth.cs.jmh.ListApplicationBenchmark.ListApplicationBenchmark","thrpt",1,5,5828.557240,317.927227,"ops/s",10,10000,Vector,1
"se.lth.cs.jmh.ListApplicationBenchmark.ListApplicationBenchmark","thrpt",1,5,674078.966417,80272.441464,"ops/s",10,10000,Vector,2
"se.lth.cs.jmh.ListApplicationBenchmark.ListApplicationBenchmark","thrpt",1,5,3877222.255716,995784.295111,"ops/s",10,10000,Vector,3
"se.lth.cs.jmh.ListApplicationBenchmark.ListApplicationBenchmark","thrpt",1,5,760.762018,361.558180,"ops/s",10,10000,Vector,4
"se.lth.cs.jmh.ListApplicationBenchmark.ListApplicationBenchmark","thrpt",1,5,6537.360017,2119.763825,"ops/s",10,10000,Vector,5
"se.lth.cs.jmh.ListApplicationBenchmark.ListApplicationBenchmark","thrpt",1,5,947.606272,424.351536,"ops/s",10,10000,Vector,6
"se.lth.cs.jmh.ListApplicationBenchmark.ListApplicationBenchmark","thrpt",1,5,7133253.220140,2723306.289880,"ops/s",10,10000,Vector,7
"se.lth.cs.jmh.ListApplicationBenchmark.ListApplicationBenchmark","thrpt",1,5,2303721.749542,292432.840986,"ops/s",10,10000,Vector,8
"se.lth.cs.jmh.ListApplicationBenchmark.ListApplicationBenchmark","thrpt",1,5,3386365.424502,639719.734656,"ops/s",10,10000,Vector,9
"se.lth.cs.jmh.ListApplicationBenchmark.ListApplicationBenchmark","thrpt",1,5,4199.128674,102.155019,"ops/s",100,0,LinkedList,0
"se.lth.cs.jmh.ListApplicationBenchmark.ListApplicationBenchmark","thrpt",1,5,357.976040,52.260505,"ops/s",100,0,LinkedList,1
"se.lth.cs.jmh.ListApplicationBenchmark.ListApplicationBenchmark","thrpt",1,5,1198.016778,49.144315,"ops/s",100,0,LinkedList,2
"se.lth.cs.jmh.ListApplicationBenchmark.ListApplicationBenchmark","thrpt",1,5,58487.345348,3337.278282,"ops/s",100,0,LinkedList,3
"se.lth.cs.jmh.ListApplicationBenchmark.ListApplicationBenchmark","thrpt",1,5,3573.361883,92.123776,"ops/s",100,0,LinkedList,4
"se.lth.cs.jmh.ListApplicationBenchmark.ListApplicationBenchmark","thrpt",1,5,12838.171712,296.381348,"ops/s",100,0,LinkedList,5
"se.lth.cs.jmh.ListApplicationBenchmark.ListApplicationBenchmark","thrpt",1,5,15618.119696,1887.797546,"ops/s",100,0,LinkedList,6
"se.lth.cs.jmh.ListApplicationBenchmark.ListApplicationBenchmark","thrpt",1,5,4846.607584,132.612520,"ops/s",100,0,LinkedList,7
"se.lth.cs.jmh.ListApplicationBenchmark.ListApplicationBenchmark","thrpt",1,5,8276.676577,401.610417,"ops/s",100,0,LinkedList,8
"se.lth.cs.jmh.ListApplicationBenchmark.ListApplicationBenchmark","thrpt",1,5,14994.347161,1302.231259,"ops/s",100,0,LinkedList,9
"se.lth.cs.jmh.ListApplicationBenchmark.ListApplicationBenchmark","thrpt",1,5,7870.404892,406.298483,"ops/s",100,0,ArrayList,0
"se.lth.cs.jmh.ListApplicationBenchmark.ListApplicationBenchmark","thrpt",1,5,1656.064936,853.820335,"ops/s",100,0,ArrayList,1
"se.lth.cs.jmh.ListApplicationBenchmark.ListApplicationBenchmark","thrpt",1,5,2246.352711,247.595548,"ops/s",100,0,ArrayList,2
"se.lth.cs.jmh.ListApplicationBenchmark.ListApplicationBenchmark","thrpt",1,5,116777.241318,7820.797137,"ops/s",100,0,ArrayList,3
"se.lth.cs.jmh.ListApplicationBenchmark.ListApplicationBenchmark","thrpt",1,5,7071.524561,308.643629,"ops/s",100,0,ArrayList,4
"se.lth.cs.jmh.ListApplicationBenchmark.ListApplicationBenchmark","thrpt",1,5,25236.707383,678.404554,"ops/s",100,0,ArrayList,5
"se.lth.cs.jmh.ListApplicationBenchmark.ListApplicationBenchmark","thrpt",1,5,38837.617383,1027.393008,"ops/s",100,0,ArrayList,6
"se.lth.cs.jmh.ListApplicationBenchmark.ListApplicationBenchmark","thrpt",1,5,9959.474553,451.462191,"ops/s",100,0,ArrayList,7
"se.lth.cs.jmh.ListApplicationBenchmark.ListApplicationBenchmark","thrpt",1,5,19391.303496,1186.193840,"ops/s",100,0,ArrayList,8
"se.lth.cs.jmh.ListApplicationBenchmark.ListApplicationBenchmark","thrpt",1,5,37901.088067,2142.628036,"ops/s",100,0,ArrayList,9
"se.lth.cs.jmh.ListApplicationBenchmark.ListApplicationBenchmark","thrpt",1,5,7403.904307,355.293570,"ops/s",100,0,Vector,0
"se.lth.cs.jmh.ListApplicationBenchmark.ListApplicationBenchmark","thrpt",1,5,834.929690,464.152425,"ops/s",100,0,Vector,1
"se.lth.cs.jmh.ListApplicationBenchmark.ListApplicationBenchmark","thrpt",1,5,2071.180895,231.786167,"ops/s",100,0,Vector,2
"se.lth.cs.jmh.ListApplicationBenchmark.ListApplicationBenchmark","thrpt",1,5,85961.711817,4500.683037,"ops/s",100,0,Vector,3
"se.lth.cs.jmh.ListApplicationBenchmark.ListApplicationBenchmark","thrpt",1,5,6464.872718,442.579071,"ops/s",100,0,Vector,4
"se.lth.cs.jmh.ListApplicationBenchmark.ListApplicationBenchmark","thrpt",1,5,19522.837745,1398.461132,"ops/s",100,0,Vector,5
"se.lth.cs.jmh.ListApplicationBenchmark.ListApplicationBenchmark","thrpt",1,5,31089.629412,1553.168408,"ops/s",100,0,Vector,6
"se.lth.cs.jmh.ListApplicationBenchmark.ListApplicationBenchmark","thrpt",1,5,7200.344032,771.969755,"ops/s",100,0,Vector,7
"se.lth.cs.jmh.ListApplicationBenchmark.ListApplicationBenchmark","thrpt",1,5,17859.066461,870.383704,"ops/s",100,0,Vector,8
"se.lth.cs.jmh.ListApplicationBenchmark.ListApplicationBenchmark","thrpt",1,5,34406.848722,1617.683494,"ops/s",100,0,Vector,9
"se.lth.cs.jmh.ListApplicationBenchmark.ListApplicationBenchmark","thrpt",1,5,4192.486676,187.633062,"ops/s",100,1000,LinkedList,0
"se.lth.cs.jmh.ListApplicationBenchmark.ListApplicationBenchmark","thrpt",1,5,326.104026,157.047921,"ops/s",100,1000,LinkedList,1
"se.lth.cs.jmh.ListApplicationBenchmark.ListApplicationBenchmark","thrpt",1,5,1188.409237,90.645202,"ops/s",100,1000,LinkedList,2
"se.lth.cs.jmh.ListApplicationBenchmark.ListApplicationBenchmark","thrpt",1,5,59271.337832,4067.982504,"ops/s",100,1000,LinkedList,3
"se.lth.cs.jmh.ListApplicationBenchmark.ListApplicationBenchmark","thrpt",1,5,3537.939305,162.255571,"ops/s",100,1000,LinkedList,4
"se.lth.cs.jmh.ListApplicationBenchmark.ListApplicationBenchmark","thrpt",1,5,12619.829080,740.725253,"ops/s",100,1000,LinkedList,5
"se.lth.cs.jmh.ListApplicationBenchmark.ListApplicationBenchmark","thrpt",1,5,15838.342285,811.222347,"ops/s",100,1000,LinkedList,6
"se.lth.cs.jmh.ListApplicationBenchmark.ListApplicationBenchmark","thrpt",1,5,4812.410149,278.026130,"ops/s",100,1000,LinkedList,7
"se.lth.cs.jmh.ListApplicationBenchmark.ListApplicationBenchmark","thrpt",1,5,8186.709378,295.346353,"ops/s",100,1000,LinkedList,8
"se.lth.cs.jmh.ListApplicationBenchmark.ListApplicationBenchmark","thrpt",1,5,15382.767233,607.837782,"ops/s",100,1000,LinkedList,9
"se.lth.cs.jmh.ListApplicationBenchmark.ListApplicationBenchmark","thrpt",1,5,7953.303169,184.446297,"ops/s",100,1000,ArrayList,0
"se.lth.cs.jmh.ListApplicationBenchmark.ListApplicationBenchmark","thrpt",1,5,1610.797646,918.416561,"ops/s",100,1000,ArrayList,1
"se.lth.cs.jmh.ListApplicationBenchmark.ListApplicationBenchmark","thrpt",1,5,2236.159229,115.742345,"ops/s",100,1000,ArrayList,2
"se.lth.cs.jmh.ListApplicationBenchmark.ListApplicationBenchmark","thrpt",1,5,116475.677553,4787.352402,"ops/s",100,1000,ArrayList,3
"se.lth.cs.jmh.ListApplicationBenchmark.ListApplicationBenchmark","thrpt",1,5,7050.752369,363.570313,"ops/s",100,1000,ArrayList,4
"se.lth.cs.jmh.ListApplicationBenchmark.ListApplicationBenchmark","thrpt",1,5,24925.179050,1518.308054,"ops/s",100,1000,ArrayList,5
"se.lth.cs.jmh.ListApplicationBenchmark.ListApplicationBenchmark","thrpt",1,5,38557.458107,2098.689416,"ops/s",100,1000,ArrayList,6
"se.lth.cs.jmh.ListApplicationBenchmark.ListApplicationBenchmark","thrpt",1,5,9836.793659,617.194496,"ops/s",100,1000,ArrayList,7
"se.lth.cs.jmh.ListApplicationBenchmark.ListApplicationBenchmark","thrpt",1,5,19103.311272,817.788098,"ops/s",100,1000,ArrayList,8
"se.lth.cs.jmh.ListApplicationBenchmark.ListApplicationBenchmark","thrpt",1,5,37999.757114,1631.568918,"ops/s",100,1000,ArrayList,9
"se.lth.cs.jmh.ListApplicationBenchmark.ListApplicationBenchmark","thrpt",1,5,7023.995902,472.862616,"ops/s",100,1000,Vector,0
"se.lth.cs.jmh.ListApplicationBenchmark.ListApplicationBenchmark","thrpt",1,5,911.348426,530.623247,"ops/s",100,1000,Vector,1
"se.lth.cs.jmh.ListApplicationBenchmark.ListApplicationBenchmark","thrpt",1,5,2090.443251,82.343354,"ops/s",100,1000,Vector,2
"se.lth.cs.jmh.ListApplicationBenchmark.ListApplicationBenchmark","thrpt",1,5,85789.076502,4973.880675,"ops/s",100,1000,Vector,3
"se.lth.cs.jmh.ListApplicationBenchmark.ListApplicationBenchmark","thrpt",1,5,5959.926303,132.759340,"ops/s",100,1000,Vector,4
"se.lth.cs.jmh.ListApplicationBenchmark.ListApplicationBenchmark","thrpt",1,5,19679.501624,1564.295874,"ops/s",100,1000,Vector,5
"se.lth.cs.jmh.ListApplicationBenchmark.ListApplicationBenchmark","thrpt",1,5,30880.588920,2387.047037,"ops/s",100,1000,Vector,6
"se.lth.cs.jmh.ListApplicationBenchmark.ListApplicationBenchmark","thrpt",1,5,7801.420124,1528.225203,"ops/s",100,1000,Vector,7
"se.lth.cs.jmh.ListApplicationBenchmark.ListApplicationBenchmark","thrpt",1,5,15139.991030,976.863931,"ops/s",100,1000,Vector,8
"se.lth.cs.jmh.ListApplicationBenchmark.ListApplicationBenchmark","thrpt",1,5,29612.279952,2305.874766,"ops/s",100,1000,Vector,9
"se.lth.cs.jmh.ListApplicationBenchmark.ListApplicationBenchmark","thrpt",1,5,4256.521347,88.287402,"ops/s",100,10000,LinkedList,0
"se.lth.cs.jmh.ListApplicationBenchmark.ListApplicationBenchmark","thrpt",1,5,114.855650,42.164197,"ops/s",100,10000,LinkedList,1
"se.lth.cs.jmh.ListApplicationBenchmark.ListApplicationBenchmark","thrpt",1,5,1181.287084,32.903981,"ops/s",100,10000,LinkedList,2
"se.lth.cs.jmh.ListApplicationBenchmark.ListApplicationBenchmark","thrpt",1,5,59336.888823,3508.633162,"ops/s",100,10000,LinkedList,3
"se.lth.cs.jmh.ListApplicationBenchmark.ListApplicationBenchmark","thrpt",1,5,3562.415892,205.679154,"ops/s",100,10000,LinkedList,4
"se.lth.cs.jmh.ListApplicationBenchmark.ListApplicationBenchmark","thrpt",1,5,12463.046167,624.707784,"ops/s",100,10000,LinkedList,5
"se.lth.cs.jmh.ListApplicationBenchmark.ListApplicationBenchmark","thrpt",1,5,15250.620257,1533.071029,"ops/s",100,10000,LinkedList,6
"se.lth.cs.jmh.ListApplicationBenchmark.ListApplicationBenchmark","thrpt",1,5,4826.057759,257.278811,"ops/s",100,10000,LinkedList,7
"se.lth.cs.jmh.ListApplicationBenchmark.ListApplicationBenchmark","thrpt",1,5,8263.318603,326.984909,"ops/s",100,10000,LinkedList,8
"se.lth.cs.jmh.ListApplicationBenchmark.ListApplicationBenchmark","thrpt",1,5,15414.666410,1551.832332,"ops/s",100,10000,LinkedList,9
"se.lth.cs.jmh.ListApplicationBenchmark.ListApplicationBenchmark","thrpt",1,5,7801.071369,268.295885,"ops/s",100,10000,ArrayList,0
"se.lth.cs.jmh.ListApplicationBenchmark.ListApplicationBenchmark","thrpt",1,5,333.802482,374.059748,"ops/s",100,10000,ArrayList,1
"se.lth.cs.jmh.ListApplicationBenchmark.ListApplicationBenchmark","thrpt",1,5,2235.044407,96.431378,"ops/s",100,10000,ArrayList,2
"se.lth.cs.jmh.ListApplicationBenchmark.ListApplicationBenchmark","thrpt",1,5,117771.183409,5116.824256,"ops/s",100,10000,ArrayList,3
"se.lth.cs.jmh.ListApplicationBenchmark.ListApplicationBenchmark","thrpt",1,5,7148.517395,282.687667,"ops/s",100,10000,ArrayList,4
"se.lth.cs.jmh.ListApplicationBenchmark.ListApplicationBenchmark","thrpt",1,5,24774.069225,1233.205891,"ops/s",100,10000,ArrayList,5
"se.lth.cs.jmh.ListApplicationBenchmark.ListApplicationBenchmark","thrpt",1,5,38678.224904,2704.649085,"ops/s",100,10000,ArrayList,6
"se.lth.cs.jmh.ListApplicationBenchmark.ListApplicationBenchmark","thrpt",1,5,9850.883847,503.244083,"ops/s",100,10000,ArrayList,7
"se.lth.cs.jmh.ListApplicationBenchmark.ListApplicationBenchmark","thrpt",1,5,18973.297224,724.608874,"ops/s",100,10000,ArrayList,8
"se.lth.cs.jmh.ListApplicationBenchmark.ListApplicationBenchmark","thrpt",1,5,38552.858236,1514.541437,"ops/s",100,10000,ArrayList,9
"se.lth.cs.jmh.ListApplicationBenchmark.ListApplicationBenchmark","thrpt",1,5,7398.932805,345.618278,"ops/s",100,10000,Vector,0
"se.lth.cs.jmh.ListApplicationBenchmark.ListApplicationBenchmark","thrpt",1,5,227.316096,80.792340,"ops/s",100,10000,Vector,1
"se.lth.cs.jmh.ListApplicationBenchmark.ListApplicationBenchmark","thrpt",1,5,1905.764912,62.075327,"ops/s",100,10000,Vector,2
"se.lth.cs.jmh.ListApplicationBenchmark.ListApplicationBenchmark","thrpt",1,5,84232.895964,5776.120784,"ops/s",100,10000,Vector,3
"se.lth.cs.jmh.ListApplicationBenchmark.ListApplicationBenchmark","thrpt",1,5,6035.416852,431.634714,"ops/s",100,10000,Vector,4
"se.lth.cs.jmh.ListApplicationBenchmark.ListApplicationBenchmark","thrpt",1,5,18815.365340,957.238043,"ops/s",100,10000,Vector,5
"se.lth.cs.jmh.ListApplicationBenchmark.ListApplicationBenchmark","thrpt",1,5,31082.270131,2553.841455,"ops/s",100,10000,Vector,6
"se.lth.cs.jmh.ListApplicationBenchmark.ListApplicationBenchmark","thrpt",1,5,7218.956605,519.317458,"ops/s",100,10000,Vector,7
"se.lth.cs.jmh.ListApplicationBenchmark.ListApplicationBenchmark","thrpt",1,5,15125.226673,784.615925,"ops/s",100,10000,Vector,8
"se.lth.cs.jmh.ListApplicationBenchmark.ListApplicationBenchmark","thrpt",1,5,29546.563254,2707.562823,"ops/s",100,10000,Vector,9
"se.lth.cs.jmh.ListApplicationBenchmark.ListApplicationBenchmark","thrpt",1,5,340.505962,19.909166,"ops/s",1000,0,LinkedList,0
"se.lth.cs.jmh.ListApplicationBenchmark.ListApplicationBenchmark","thrpt",1,5,145.532979,11.069278,"ops/s",1000,0,LinkedList,1
"se.lth.cs.jmh.ListApplicationBenchmark.ListApplicationBenchmark","thrpt",1,5,191.581708,7.535126,"ops/s",1000,0,LinkedList,2
"se.lth.cs.jmh.ListApplicationBenchmark.ListApplicationBenchmark","thrpt",1,5,4514.799598,266.410959,"ops/s",1000,0,LinkedList,3
"se.lth.cs.jmh.ListApplicationBenchmark.ListApplicationBenchmark","thrpt",1,5,735.172710,37.991192,"ops/s",1000,0,LinkedList,4
"se.lth.cs.jmh.ListApplicationBenchmark.ListApplicationBenchmark","thrpt",1,5,2628.639757,79.641441,"ops/s",1000,0,LinkedList,5
"se.lth.cs.jmh.ListApplicationBenchmark.ListApplicationBenchmark","thrpt",1,5,944.321367,66.685594,"ops/s",1000,0,LinkedList,6
"se.lth.cs.jmh.ListApplicationBenchmark.ListApplicationBenchmark","thrpt",1,5,471.153721,31.251602,"ops/s",1000,0,LinkedList,7
"se.lth.cs.jmh.ListApplicationBenchmark.ListApplicationBenchmark","thrpt",1,5,425.593509,10.787815,"ops/s",1000,0,LinkedList,8
"se.lth.cs.jmh.ListApplicationBenchmark.ListApplicationBenchmark","thrpt",1,5,1436.939894,102.345189,"ops/s",1000,0,LinkedList,9
"se.lth.cs.jmh.ListApplicationBenchmark.ListApplicationBenchmark","thrpt",1,5,621.769515,22.422066,"ops/s",1000,0,ArrayList,0
"se.lth.cs.jmh.ListApplicationBenchmark.ListApplicationBenchmark","thrpt",1,5,295.927913,23.235357,"ops/s",1000,0,ArrayList,1
"se.lth.cs.jmh.ListApplicationBenchmark.ListApplicationBenchmark","thrpt",1,5,361.327598,16.205324,"ops/s",1000,0,ArrayList,2
"se.lth.cs.jmh.ListApplicationBenchmark.ListApplicationBenchmark","thrpt",1,5,9169.072284,325.252806,"ops/s",1000,0,ArrayList,3
"se.lth.cs.jmh.ListApplicationBenchmark.ListApplicationBenchmark","thrpt",1,5,1372.509770,128.158339,"ops/s",1000,0,ArrayList,4
"se.lth.cs.jmh.ListApplicationBenchmark.ListApplicationBenchmark","thrpt",1,5,4864.844511,303.528520,"ops/s",1000,0,ArrayList,5
"se.lth.cs.jmh.ListApplicationBenchmark.ListApplicationBenchmark","thrpt",1,5,1543.878604,67.333484,"ops/s",1000,0,ArrayList,6
"se.lth.cs.jmh.ListApplicationBenchmark.ListApplicationBenchmark","thrpt",1,5,870.512017,43.646153,"ops/s",1000,0,ArrayList,7
"se.lth.cs.jmh.ListApplicationBenchmark.ListApplicationBenchmark","thrpt",1,5,950.572810,57.299852,"ops/s",1000,0,ArrayList,8
"se.lth.cs.jmh.ListApplicationBenchmark.ListApplicationBenchmark","thrpt",1,5,3070.167564,155.390863,"ops/s",1000,0,ArrayList,9
"se.lth.cs.jmh.ListApplicationBenchmark.ListApplicationBenchmark","thrpt",1,5,552.807370,30.412083,"ops/s",1000,0,Vector,0
"se.lth.cs.jmh.ListApplicationBenchmark.ListApplicationBenchmark","thrpt",1,5,270.277169,12.740993,"ops/s",1000,0,Vector,1
"se.lth.cs.jmh.ListApplicationBenchmark.ListApplicationBenchmark","thrpt",1,5,325.577081,9.524433,"ops/s",1000,0,Vector,2
"se.lth.cs.jmh.ListApplicationBenchmark.ListApplicationBenchmark","thrpt",1,5,7019.926160,164.803172,"ops/s",1000,0,Vector,3
"se.lth.cs.jmh.ListApplicationBenchmark.ListApplicationBenchmark","thrpt",1,5,1246.993467,62.603722,"ops/s",1000,0,Vector,4
"se.lth.cs.jmh.ListApplicationBenchmark.ListApplicationBenchmark","thrpt",1,5,4090.251186,134.233843,"ops/s",1000,0,Vector,5
"se.lth.cs.jmh.ListApplicationBenchmark.ListApplicationBenchmark","thrpt",1,5,1379.968331,107.865488,"ops/s",1000,0,Vector,6
"se.lth.cs.jmh.ListApplicationBenchmark.ListApplicationBenchmark","thrpt",1,5,690.800921,124.849945,"ops/s",1000,0,Vector,7
"se.lth.cs.jmh.ListApplicationBenchmark.ListApplicationBenchmark","thrpt",1,5,888.848594,103.119627,"ops/s",1000,0,Vector,8
"se.lth.cs.jmh.ListApplicationBenchmark.ListApplicationBenchmark","thrpt",1,5,2780.202620,186.068775,"ops/s",1000,0,Vector,9
"se.lth.cs.jmh.ListApplicationBenchmark.ListApplicationBenchmark","thrpt",1,5,339.269484,21.932891,"ops/s",1000,1000,LinkedList,0
"se.lth.cs.jmh.ListApplicationBenchmark.ListApplicationBenchmark","thrpt",1,5,145.753640,20.408305,"ops/s",1000,1000,LinkedList,1
"se.lth.cs.jmh.ListApplicationBenchmark.ListApplicationBenchmark","thrpt",1,5,194.296528,8.430394,"ops/s",1000,1000,LinkedList,2
"se.lth.cs.jmh.ListApplicationBenchmark.ListApplicationBenchmark","thrpt",1,5,4501.922641,248.790579,"ops/s",1000,1000,LinkedList,3
"se.lth.cs.jmh.ListApplicationBenchmark.ListApplicationBenchmark","thrpt",1,5,733.573479,57.298546,"ops/s",1000,1000,LinkedList,4
"se.lth.cs.jmh.ListApplicationBenchmark.ListApplicationBenchmark","thrpt",1,5,2622.432665,160.425872,"ops/s",1000,1000,LinkedList,5
"se.lth.cs.jmh.ListApplicationBenchmark.ListApplicationBenchmark","thrpt",1,5,948.665242,78.918835,"ops/s",1000,1000,LinkedList,6
"se.lth.cs.jmh.ListApplicationBenchmark.ListApplicationBenchmark","thrpt",1,5,471.647494,30.693401,"ops/s",1000,1000,LinkedList,7
"se.lth.cs.jmh.ListApplicationBenchmark.ListApplicationBenchmark","thrpt",1,5,424.702530,17.228819,"ops/s",1000,1000,LinkedList,8
"se.lth.cs.jmh.ListApplicationBenchmark.ListApplicationBenchmark","thrpt",1,5,1452.728097,161.035970,"ops/s",1000,1000,LinkedList,9
"se.lth.cs.jmh.ListApplicationBenchmark.ListApplicationBenchmark","thrpt",1,5,631.241705,32.069479,"ops/s",1000,1000,ArrayList,0
"se.lth.cs.jmh.ListApplicationBenchmark.ListApplicationBenchmark","thrpt",1,5,297.674153,21.367863,"ops/s",1000,1000,ArrayList,1
"se.lth.cs.jmh.ListApplicationBenchmark.ListApplicationBenchmark","thrpt",1,5,357.619990,24.319125,"ops/s",1000,1000,ArrayList,2
"se.lth.cs.jmh.ListApplicationBenchmark.ListApplicationBenchmark","thrpt",1,5,9134.768941,823.758577,"ops/s",1000,1000,ArrayList,3
"se.lth.cs.jmh.ListApplicationBenchmark.ListApplicationBenchmark","thrpt",1,5,1376.048678,70.136741,"ops/s",1000,1000,ArrayList,4
"se.lth.cs.jmh.ListApplicationBenchmark.ListApplicationBenchmark","thrpt",1,5,4874.994334,167.535596,"ops/s",1000,1000,ArrayList,5
"se.lth.cs.jmh.ListApplicationBenchmark.ListApplicationBenchmark","thrpt",1,5,1539.218927,56.576964,"ops/s",1000,1000,ArrayList,6
"se.lth.cs.jmh.ListApplicationBenchmark.ListApplicationBenchmark","thrpt",1,5,882.542860,96.388948,"ops/s",1000,1000,ArrayList,7
"se.lth.cs.jmh.ListApplicationBenchmark.ListApplicationBenchmark","thrpt",1,5,952.831553,23.571628,"ops/s",1000,1000,ArrayList,8
"se.lth.cs.jmh.ListApplicationBenchmark.ListApplicationBenchmark","thrpt",1,5,3062.145797,151.007684,"ops/s",1000,1000,ArrayList,9
"se.lth.cs.jmh.ListApplicationBenchmark.ListApplicationBenchmark","thrpt",1,5,532.189450,40.129007,"ops/s",1000,1000,Vector,0
"se.lth.cs.jmh.ListApplicationBenchmark.ListApplicationBenchmark","thrpt",1,5,243.841022,28.435514,"ops/s",1000,1000,Vector,1
"se.lth.cs.jmh.ListApplicationBenchmark.ListApplicationBenchmark","thrpt",1,5,324.285572,23.308931,"ops/s",1000,1000,Vector,2
"se.lth.cs.jmh.ListApplicationBenchmark.ListApplicationBenchmark","thrpt",1,5,6946.864143,376.443101,"ops/s",1000,1000,Vector,3
"se.lth.cs.jmh.ListApplicationBenchmark.ListApplicationBenchmark","thrpt",1,5,1128.855566,63.690474,"ops/s",1000,1000,Vector,4
"se.lth.cs.jmh.ListApplicationBenchmark.ListApplicationBenchmark","thrpt",1,5,4077.800526,185.451663,"ops/s",1000,1000,Vector,5
"se.lth.cs.jmh.ListApplicationBenchmark.ListApplicationBenchmark","thrpt",1,5,1355.018729,95.667208,"ops/s",1000,1000,Vector,6
"se.lth.cs.jmh.ListApplicationBenchmark.ListApplicationBenchmark","thrpt",1,5,665.182648,29.891915,"ops/s",1000,1000,Vector,7
"se.lth.cs.jmh.ListApplicationBenchmark.ListApplicationBenchmark","thrpt",1,5,754.751802,72.032835,"ops/s",1000,1000,Vector,8
"se.lth.cs.jmh.ListApplicationBenchmark.ListApplicationBenchmark","thrpt",1,5,2507.278831,101.016423,"ops/s",1000,1000,Vector,9
"se.lth.cs.jmh.ListApplicationBenchmark.ListApplicationBenchmark","thrpt",1,5,340.551120,25.266721,"ops/s",1000,10000,LinkedList,0
"se.lth.cs.jmh.ListApplicationBenchmark.ListApplicationBenchmark","thrpt",1,5,143.937690,6.084157,"ops/s",1000,10000,LinkedList,1
"se.lth.cs.jmh.ListApplicationBenchmark.ListApplicationBenchmark","thrpt",1,5,193.069128,6.160737,"ops/s",1000,10000,LinkedList,2
"se.lth.cs.jmh.ListApplicationBenchmark.ListApplicationBenchmark","thrpt",1,5,4477.990101,180.038180,"ops/s",1000,10000,LinkedList,3
"se.lth.cs.jmh.ListApplicationBenchmark.ListApplicationBenchmark","thrpt",1,5,737.876525,49.539282,"ops/s",1000,10000,LinkedList,4
"se.lth.cs.jmh.ListApplicationBenchmark.ListApplicationBenchmark","thrpt",1,5,2651.965687,115.255710,"ops/s",1000,10000,LinkedList,5
"se.lth.cs.jmh.ListApplicationBenchmark.ListApplicationBenchmark","thrpt",1,5,945.756515,62.423768,"ops/s",1000,10000,LinkedList,6
"se.lth.cs.jmh.ListApplicationBenchmark.ListApplicationBenchmark","thrpt",1,5,470.993842,28.102030,"ops/s",1000,10000,LinkedList,7
"se.lth.cs.jmh.ListApplicationBenchmark.ListApplicationBenchmark","thrpt",1,5,415.895831,17.987307,"ops/s",1000,10000,LinkedList,8
"se.lth.cs.jmh.ListApplicationBenchmark.ListApplicationBenchmark","thrpt",1,5,1487.052494,106.208130,"ops/s",1000,10000,LinkedList,9
"se.lth.cs.jmh.ListApplicationBenchmark.ListApplicationBenchmark","thrpt",1,5,633.833239,41.319379,"ops/s",1000,10000,ArrayList,0
"se.lth.cs.jmh.ListApplicationBenchmark.ListApplicationBenchmark","thrpt",1,5,299.693833,16.936146,"ops/s",1000,10000,ArrayList,1
"se.lth.cs.jmh.ListApplicationBenchmark.ListApplicationBenchmark","thrpt",1,5,358.246638,16.621393,"ops/s",1000,10000,ArrayList,2
"se.lth.cs.jmh.ListApplicationBenchmark.ListApplicationBenchmark","thrpt",1,5,9310.968911,560.788472,"ops/s",1000,10000,ArrayList,3
"se.lth.cs.jmh.ListApplicationBenchmark.ListApplicationBenchmark","thrpt",1,5,1360.131698,128.847971,"ops/s",1000,10000,ArrayList,4
"se.lth.cs.jmh.ListApplicationBenchmark.ListApplicationBenchmark","thrpt",1,5,4853.672655,315.158423,"ops/s",1000,10000,ArrayList,5
"se.lth.cs.jmh.ListApplicationBenchmark.ListApplicationBenchmark","thrpt",1,5,1527.889935,120.203293,"ops/s",1000,10000,ArrayList,6
"se.lth.cs.jmh.ListApplicationBenchmark.ListApplicationBenchmark","thrpt",1,5,895.889725,59.700119,"ops/s",1000,10000,ArrayList,7
"se.lth.cs.jmh.ListApplicationBenchmark.ListApplicationBenchmark","thrpt",1,5,957.354188,50.455825,"ops/s",1000,10000,ArrayList,8
"se.lth.cs.jmh.ListApplicationBenchmark.ListApplicationBenchmark","thrpt",1,5,3043.768123,221.289102,"ops/s",1000,10000,ArrayList,9
"se.lth.cs.jmh.ListApplicationBenchmark.ListApplicationBenchmark","thrpt",1,5,556.111313,37.300717,"ops/s",1000,10000,Vector,0
"se.lth.cs.jmh.ListApplicationBenchmark.ListApplicationBenchmark","thrpt",1,5,200.933115,9.193974,"ops/s",1000,10000,Vector,1
"se.lth.cs.jmh.ListApplicationBenchmark.ListApplicationBenchmark","thrpt",1,5,291.754571,9.012331,"ops/s",1000,10000,Vector,2
"se.lth.cs.jmh.ListApplicationBenchmark.ListApplicationBenchmark","thrpt",1,5,7011.953911,201.499920,"ops/s",1000,10000,Vector,3
"se.lth.cs.jmh.ListApplicationBenchmark.ListApplicationBenchmark","thrpt",1,5,1134.325162,70.132208,"ops/s",1000,10000,Vector,4
"se.lth.cs.jmh.ListApplicationBenchmark.ListApplicationBenchmark","thrpt",1,5,3573.142781,200.168002,"ops/s",1000,10000,Vector,5
"se.lth.cs.jmh.ListApplicationBenchmark.ListApplicationBenchmark","thrpt",1,5,1320.554881,79.817622,"ops/s",1000,10000,Vector,6
"se.lth.cs.jmh.ListApplicationBenchmark.ListApplicationBenchmark","thrpt",1,5,700.254123,166.828222,"ops/s",1000,10000,Vector,7
"se.lth.cs.jmh.ListApplicationBenchmark.ListApplicationBenchmark","thrpt",1,5,744.333007,57.280207,"ops/s",1000,10000,Vector,8
"se.lth.cs.jmh.ListApplicationBenchmark.ListApplicationBenchmark","thrpt",1,5,2481.017081,132.664333,"ops/s",1000,10000,Vector,9
